{
    "destination":[
        {
            "location":"Odisha",
            "cover_photo":"https://media.istockphoto.com/id/467031976/photo/jagannath-temple-in-puri-orissa-india.jpg?s=612x612&w=0&k=20&c=dRs6e_Ko8fDH2nqL8kdT8XDhj1pkw4xEGssOwjo3g0A=",
            "saying":"Due to all these extraordinary features, the mystical land of Odisha is also known as the The Soul of India.",
            "packages":[
                {
                    "type":"Premium",
                    "price":30000,
                    "location0":"Odisha",
                    "location1":"Puri",
                    "location2":"Bhubaneswar",
                    "profile_photo":"https://media.istockphoto.com/id/467031976/photo/jagannath-temple-in-puri-orissa-india.jpg?s=612x612&w=0&k=20&c=dRs6e_Ko8fDH2nqL8kdT8XDhj1pkw4xEGssOwjo3g0A="
                },
                {
                    "type":"Supreme",
                    "price":20000,
                    "location0":"Odisha",
                    "location1":"Puri",
                    "location2":"Bhubaneswar",
                    "profile_photo":"https://media.istockphoto.com/id/467031976/photo/jagannath-temple-in-puri-orissa-india.jpg?s=612x612&w=0&k=20&c=dRs6e_Ko8fDH2nqL8kdT8XDhj1pkw4xEGssOwjo3g0A="
                },
                {
                    "type":"Standard",
                    "price":15000,
                    "location0":"Odisha",
                    "location1":"Puri",
                    "location2":"Bhubaneswar",
                    "profile_photo":"https://media.istockphoto.com/id/467031976/photo/jagannath-temple-in-puri-orissa-india.jpg?s=612x612&w=0&k=20&c=dRs6e_Ko8fDH2nqL8kdT8XDhj1pkw4xEGssOwjo3g0A="
                }
            ],
            "id":1
        },
        {
            "location":"Kerala",
            "cover_photo":"https://cdn1.tripoto.com/media/filter/tst/img/2052077/Image/1650295522_back_water_of_kerala_soul_of_kerala.jpg.webp",
            "saying":"Kerala is a southern state of India, which is known as God's Own Country.",
            "packages":[
                {
                    "type":"Premium",
                    "price":30000,
                    "location0":"Kerala",
                    "location1":"Kochi",
                    "location2":"Thiruvananthapuram",
                    "profile_photo":"https://static.toiimg.com/photo/msid-81695820,width-96,height-65.cms"
                },
                {
                    "type":"Supreme",
                    "price":20000,
                    "location0":"Kerala",
                    "location1":"Kochi",
                    "location2":"Thiruvananthapuram",
                    "profile_photo":"https://static.toiimg.com/photo/msid-81695820,width-96,height-65.cms"
                },
                {
                    "type":"Standard",
                    "price":15000,
                    "location0":"Kerala",
                    "location1":"Kochi",
                    "location2":"Thiruvananthapuram",
                    "profile_photo":"https://static.toiimg.com/photo/msid-81695820,width-96,height-65.cms"
                }
            ],
            "id":2
        },
        {
            "location":"Jammu and Kashmir",
            "cover_photo":"https://images.unsplash.com/photo-1623612175509-30e97f5aa195?ixlib=rb-4.0.3&ixid=M3wxMjA3fDB8MHxzZWFyY2h8Mnx8amFtbXUlMjBrYXNobWlyfGVufDB8fDB8fHww&w=1000&q=80",
            "saying":"Jammu and Kashmir is called the 'Paradise on Earth'.",
            "packages":[
                {
                    "type":"Premium",
                    "price":30000,
                    "location0":"Jammu and Kashmir",
                    "location1":"Srinagar",
                    "location2":"Jammu & Kashmir",
                    "profile_photo":"https://www.kashmironline.com/top-destinations/srinagar/slider/shikara_mobile.jpg"
                },
                {
                    "type":"Supreme",
                    "price":20000,
                    "location0":"Jammu and Kashmir",
                    "location1":"Srinagar",
                    "location2":"Jammu & Kashmir",
                    "profile_photo":"https://www.kashmironline.com/top-destinations/srinagar/slider/shikara_mobile.jpg"
                },
                {
                    "type":"Standard",
                    "price":15000,
                    "location0":"Jammu and Kashmir",
                    "location1":"Srinagar",
                    "location2":"Jammu & Kashmir",
                    "profile_photo":"https://www.kashmironline.com/top-destinations/srinagar/slider/shikara_mobile.jpg"
                }
            ],
            "id":3
        },
        {
            "location":"Goa",
            "cover_photo":"https://media.easemytrip.com/media/Blog/India/637245472281678954/6372454722816789543img5H.png",
            "saying":"Kerala is a southern state of India, which is known as God's Own Country.",
            "packages":[
                {
                    "type":"Premium",
                    "price":30000,
                    "location0":"Goa",
                    "location1":"Baga",
                    "location2":"Panaji",
                    "profile_photo":"https://www.bestbus.in/assets/images/news-cms/history-of-goa.jpg"
                },
                {
                    "type":"Supreme",
                    "price":20000,
                    "location0":"Goa",
                    "location1":"Baga",
                    "location2":"Panaji",
                    "profile_photo":"https://www.bestbus.in/assets/images/news-cms/history-of-goa.jpg"
                },
                {
                    "type":"Standard",
                    "price":15000,
                    "location0":"Goa",
                    "location1":"Baga",
                    "location2":"Panaji",
                    "profile_photo":"https://www.bestbus.in/assets/images/news-cms/history-of-goa.jpg"
                }
            ],
            "id":4
        },
        {
            "location":"Rajasthan",
            "cover_photo":"https://media.istockphoto.com/id/1159951855/photo/medieval-architecture-at-gadi-sagar-lake-jaisalmer-rajasthan-india-at-sunrise.jpg?s=612x612&w=0&k=20&c=cA1bTkrSvmK4R1HjD-Cg5Si96PLPgl8qrYbRTRBFZ_k=",
            "saying":"Rajasthan 'Land of Kings' or 'Land of Kingdom' is India's largest state by area.",
            "packages":[
                {
                    "type":"Premium",
                    "price":30000,
                    "location0":"Rajasthan",
                    "location1":"Udaipur",
                    "location2":"Jaipur",
                    "profile_photo":"https://img.traveltriangle.com/blog/wp-content/uploads/2021/09/Places-to-Visit-in-Jaipur-at-Night1.jpg"
                },
                {
                    "type":"Supreme",
                    "price":20000,
                    "location0":"Rajasthan",
                    "location1":"Udaipur",
                    "location2":"Jaipur",
                    "profile_photo":"https://img.traveltriangle.com/blog/wp-content/uploads/2021/09/Places-to-Visit-in-Jaipur-at-Night1.jpg"
                },
                {
                    "type":"Standard",
                    "price":15000,
                    "location0":"Rajasthan",
                    "location1":"Udaipur",
                    "location2":"Jaipur",
                    "profile_photo":"https://img.traveltriangle.com/blog/wp-content/uploads/2021/09/Places-to-Visit-in-Jaipur-at-Night1.jpg"
                }
            ],
            "id":5
        },
        {
            "location":"Tamil Nadu",
            "cover_photo":"https://www.tourmyindia.com/socialimg/tamilnadu-tourism.jpg",
            "saying":"The state of Tamil Nadu is known as the Land of Temples.",
            "packages":[
                {
                    "type":"Premium",
                    "price":30000,
                    "location0":"Tamil Nadu",
                    "location1":"Rameswaram",
                    "location2":"Chennai",
                    "profile_photo":"https://www.tamilnadutourism.tn.gov.in/img/pages/medium-desktop/rameswaram-temple-1656167436_f2c551193bb7d4bc6f70.webp"
                },
                {
                    "type":"Supreme",
                    "price":20000,
                    "location0":"Tamil Nadu",
                    "location1":"Rameswaram",
                    "location2":"Chennai",
                    "profile_photo":"https://www.tamilnadutourism.tn.gov.in/img/pages/medium-desktop/rameswaram-temple-1656167436_f2c551193bb7d4bc6f70.webp"
                },
                {
                    "type":"Standard",
                    "price":15000,
                    "location0":"Tamil Nadu",
                    "location1":"Rameswaram",
                    "location2":"Chennai",
                    "profile_photo":"https://www.tamilnadutourism.tn.gov.in/img/pages/medium-desktop/rameswaram-temple-1656167436_f2c551193bb7d4bc6f70.webp"
                }
            ],
            "id":6
        },
        {
            "location":"Jharkhand",
            "cover_photo":"https://www.delhimetrotimes.in/photos/2019/06/30/jharkhand-tourism.jpg",
            "saying":"the state of Jharkhand is also known as the land of forests.",
            "packages":[
                {
                    "type":"Premium",
                    "price":30000,
                    "location0":"Jharkhand",
                    "location1":"Jamshedpur",
                    "location2":"Ranchi",
                    "profile_photo":"https://media.istockphoto.com/id/1325410596/photo/swami-vivekananda-memorial-at-sunrise-located-at-ranchi-jharkhand-tourism.jpg?s=612x612&w=0&k=20&c=R4NW7dSlvMzvShXlG1zz3VMrrcSPfxIzwuXu6BuQWuA="
                },
                {
                    "type":"Supreme",
                    "price":20000,
                    "location0":"Jharkhand",
                    "location1":"Jamshedpur",
                    "location2":"Ranchi",
                    "profile_photo":"https://media.istockphoto.com/id/1325410596/photo/swami-vivekananda-memorial-at-sunrise-located-at-ranchi-jharkhand-tourism.jpg?s=612x612&w=0&k=20&c=R4NW7dSlvMzvShXlG1zz3VMrrcSPfxIzwuXu6BuQWuA="
                },
                {
                    "type":"Standard",
                    "price":15000,
                    "location0":"Jharkhand",
                    "location1":"Jamshedpur",
                    "location2":"Ranchi",
                    "profile_photo":"https://media.istockphoto.com/id/1325410596/photo/swami-vivekananda-memorial-at-sunrise-located-at-ranchi-jharkhand-tourism.jpg?s=612x612&w=0&k=20&c=R4NW7dSlvMzvShXlG1zz3VMrrcSPfxIzwuXu6BuQWuA="
                }
            ],
            "id":7
        },
        {
            "location":"Gujarat",
            "cover_photo":"https://paramountclientweb.s3.ap-south-1.amazonaws.com/indian-holiday-trip/visualstories/Img_3499_202232111234_cover.jpg?time=1647022116",
            "saying":"Gujarat ,a place which is also known as Jewel of Western India.",
            "packages":[
                {
                    "type":"Premium",
                    "price":30000,
                    "location0":"Gujarat",
                    "location1":"Kutch",
                    "location2":"Gandhinagar",
                    "profile_photo":"https://www.adigasyatra.com/admin/uploads/gallery/1652611222.jpeg"
                },
                {
                    "type":"Supreme",
                    "price":20000,
                    "location0":"Gujarat",
                    "location1":"Kutch",
                    "location2":"Gandhinagar",
                    "profile_photo":"https://www.adigasyatra.com/admin/uploads/gallery/1652611222.jpeg"
                },
                {
                    "type":"Standard",
                    "price":15000,
                    "location0":"Gujarat",
                    "location1":"Kutch",
                    "location2":"Gandhinagar",
                    "profile_photo":"https://www.adigasyatra.com/admin/uploads/gallery/1652611222.jpeg"
                }
            ],
            "id":8
        }
    ]
}